Date,Category,Amount,Description
2024-01-05,Food,1500.00,Grocery shopping
2024-01-07,Transport,320.00,Metro card recharge
2024-01-12,Entertainment,850.00,Movie night
2024-01-15,Food,240.50,Lunch with team
2024-01-18,Bills,2200.00,Electricity bill
2024-01-22,Shopping,3499.00,Running shoes
2024-01-28,Health,600.00,Pharmacy
2024-02-02,Food,1780.00,Monthly groceries
2024-02-06,Transport,1200.00,Cab fares
2024-02-11,Entertainment,499.00,Music subscription
2024-02-14,Shopping,2150.00,Gift
2024-02-20,Bills,1100.00,Internet bill
2024-02-25,Other,300.00,Stationery
2024-03-03,Food,1620.00,Groceries
2024-03-09,Health,1500.00,Doctor consultation
2024-03-16,Transport,450.00,Fuel
2024-03-21,Bills,2300.00,Electricity bill
2024-03-27,Entertainment,1200.00,Concert ticket
2026-09-20,Entertainment,25000.00,Movies
